pais,a1,p1,a2,p2,a3,p3,a4,p4,a5,p5,a6,p6,a7,p7,a8,p8,a9,p9,a10,p10
PE,0,0,0,0,0,0,0,0,0,0,0,0,0,0,,,,,,
PE,0.01,0,0.01,0,0.01,0,0.01,0,0.01,0,0.01,0,0.01,0.01,,,,,,
PE,0.02,0,0.02,0,0.02,0,0.02,0,0.02,0,0.02,0,0.02,0.02,,,,,,
PE,0.03,0,0.03,0,0.03,0,0.03,0,0.03,0,0.03,0,0.03,0.03,,,,,,
PE,0.04,0,0.04,0,0.04,0,0.04,0,0.04,0,0.04,0,0.04,0.04,,,,,,
PE,0.05,0,0.05,0,0.05,0,0.05,0,0.05,0,0.05,0,0.05,0.05,,,,,,
PE,0.06,0,0.06,0,0.06,0,0.06,0,0.06,0,0.06,0,0.06,0.06,,,,,,
PE,0.07,0,0.07,0,0.07,0,0.07,0,0.07,0,0.07,0,0.07,0.07,,,,,,
PE,0.08,0,0.08,0,0.08,0,0.08,0,0.08,0,0.08,0,0.08,0.08,,,,,,
PE,0.09,0,0.09,0,0.09,0,0.09,0,0.09,0,0.09,0,0.09,0.09,,,,,,
PE,0.1,0,0.1,0,0.1,0,0.1,0,0.1,0,0.1,0,0.1,0.1,,,,,,
PE,0.11,0,0.11,0,0.11,0,0.11,0,0.11,0,0.11,0,0.11,0.11,,,,,,
PE,0.12,0,0.12,0,0.12,0,0.12,0,0.12,0,0.12,0,0.12,0.12,,,,,,
PE,0.13,0,0.13,0,0.13,0,0.13,0,0.13,0,0.13,0,0.13,0.13,,,,,,
PE,0.14,0,0.14,0,0.14,0,0.14,0,0.14,0,0.14,0,0.14,0.14,,,,,,
PE,0.15,0,0.15,0,0.15,0,0.15,0,0.15,0,0.15,0,0.15,0.15,,,,,,
PE,0.16,0,0.16,0,0.16,0,0.16,0,0.16,0,0.16,0,0.16,0.16,,,,,,
PE,0.17,0,0.17,0,0.17,0,0.17,0,0.17,0,0.17,0,0.17,0.17,,,,,,
PE,0.18,0,0.18,0,0.18,0,0.18,0,0.18,0,0.18,0,0.18,0.18,,,,,,
PE,0.19,0,0.19,0,0.19,0,0.19,0,0.19,0,0.19,0,0.19,0.19,,,,,,
PE,0.2,0,0.2,0,0.2,0,0.2,0,0.2,0,0.2,0,0.2,0.2,,,,,,
PE,0.21,0,0.21,0,0.21,0,0.21,0,0.21,0,0.21,0,0.21,0.21,,,,,,
PE,0.22,0,0.22,0,0.22,0,0.22,0,0.22,0,0.22,0,0.22,0.22,,,,,,
PE,0.23,0,0.23,0,0.23,0,0.23,0,0.23,0,0.23,0,0.23,0.23,,,,,,
PE,0.24,0,0.24,0,0.24,0,0.24,0,0.24,0,0.24,0,0.24,0.24,,,,,,
PE,0.25,0,0.25,0,0.25,0,0.25,0,0.25,0,0.25,0,0.25,0.25,,,,,,
PE,0.26,0,0.26,0,0.26,0,0.26,0,0.26,0,0.26,0,0.26,0.26,,,,,,
PE,0.27,0,0.27,0,0.27,0,0.27,0,0.27,0,0.27,0,0.27,0.27,,,,,,
PE,0.28,0,0.28,0,0.28,0,0.28,0,0.28,0,0.28,0,0.28,0.28,,,,,,
PE,0.29,0,0.29,0,0.29,0,0.29,0,0.29,0,0.29,0,0.29,0.29,,,,,,
PE,0.3,0,0.3,0,0.3,0,0.3,0,0.3,0,0.3,0,0.3,0.3,,,,,,
PE,0.31,0,0.31,0,0.31,0,0.31,0,0.31,0,0.31,0,0.31,0.31,,,,,,
PE,0.32,0,0.32,0,0.32,0,0.32,0,0.32,0,0.32,0,0.32,0.32,,,,,,
PE,0.33,0,0.33,0,0.33,0,0.33,0,0.33,0,0.33,0,0.33,0.33,,,,,,
PE,0.34,0,0.34,0,0.34,0,0.34,0,0.34,0,0.34,0,0.34,0.34,,,,,,
PE,0.35,0,0.35,0,0.35,0,0.35,0,0.35,0,0.35,0,0.35,0.35,,,,,,
PE,0.36,0,0.36,0,0.36,0,0.36,0,0.36,0,0.36,0,0.36,0.36,,,,,,
PE,0.37,0,0.37,0,0.37,0,0.37,0,0.37,0,0.37,0,0.37,0.37,,,,,,
PE,0.38,0,0.38,0,0.38,0,0.38,0,0.38,0,0.38,0,0.38,0.38,,,,,,
PE,0.39,0,0.39,0,0.39,0,0.39,0,0.39,0,0.39,0,0.39,0.39,,,,,,
PE,0.4,0,0.4,0,0.4,0,0.4,0,0.4,0,0.4,0,0.4,0.4,,,,,,
PE,0.41,0,0.41,0,0.41,0,0.41,0,0.41,0,0.41,0,0.41,0.41,,,,,,
PE,0.42,0,0.42,0,0.42,0,0.42,0,0.42,0,0.42,0,0.42,0.42,,,,,,
PE,0.43,0,0.43,0,0.43,0,0.43,0,0.43,0,0.43,0,0.43,0.43,,,,,,
PE,0.44,0,0.44,0,0.44,0,0.44,0,0.44,0,0.44,0,0.44,0.44,,,,,,
PE,0.45,0,0.45,0,0.45,0,0.45,0,0.45,0,0.45,0,0.45,0.45,,,,,,
PE,0.46,0,0.46,0,0.46,0,0.46,0,0.46,0,0.46,0,0.46,0.46,,,,,,
PE,0.47,0,0.47,0,0.47,0,0.47,0,0.47,0,0.47,0,0.47,0.47,,,,,,
PE,0.48,0,0.48,0,0.48,0,0.48,0,0.48,0,0.48,0,0.48,0.48,,,,,,
PE,0.49,0,0.49,0,0.49,0,0.49,0,0.49,0,0.49,0,0.49,0.49,,,,,,
PE,0.5,0,0.5,0,0.5,0,0.5,0,0.5,0,0.5,0,0.5,0.5,,,,,,
PE,0.51,0,0.51,0,0.51,0,0.51,0,0.51,0,0.51,0,0.51,0.51,,,,,,
PE,0.52,0,0.52,0,0.52,0,0.52,0,0.52,0,0.52,0,0.52,0.52,,,,,,
PE,0.53,0,0.53,0,0.53,0,0.53,0,0.53,0,0.53,0,0.53,0.53,,,,,,
PE,0.54,0,0.54,0,0.54,0,0.54,0,0.54,0,0.54,0,0.54,0.54,,,,,,
PE,0.55,0,0.55,0,0.55,0,0.55,0,0.55,0,0.55,0,0.55,0.55,,,,,,
PE,0.56,0,0.56,0,0.56,0,0.56,0,0.56,0,0.56,0,0.56,0.56,,,,,,
PE,0.57,0,0.57,0,0.57,0,0.57,0,0.57,0,0.57,0,0.57,0.57,,,,,,
PE,0.58,0,0.58,0,0.58,0,0.58,0,0.58,0,0.58,0,0.58,0.58,,,,,,
PE,0.59,0,0.59,0,0.59,0,0.59,0,0.59,0,0.59,0,0.59,0.59,,,,,,
PE,0.6,0,0.6,0,0.6,0,0.6,0,0.6,0,0.6,0,0.6,0.6,,,,,,
PE,0.61,0,0.61,0,0.61,0,0.61,0,0.61,0,0.61,0,0.61,0.61,,,,,,
PE,0.62,0,0.62,0,0.62,0,0.62,0,0.62,0,0.62,0,0.62,0.62,,,,,,
PE,0.63,0,0.63,0,0.63,0,0.63,0,0.63,0,0.63,0,0.63,0.63,,,,,,
PE,0.64,0,0.64,0,0.64,0,0.64,0,0.64,0,0.64,0,0.64,0.64,,,,,,
PE,0.65,0,0.65,0,0.65,0,0.65,0,0.65,0,0.65,0,0.65,0.65,,,,,,
PE,0.66,0,0.66,0,0.66,0,0.66,0,0.66,0,0.66,0,0.66,0.66,,,,,,
PE,0.67,0,0.67,0,0.67,0,0.67,0,0.67,0,0.67,0,0.67,0.67,,,,,,
PE,0.68,0,0.68,0,0.68,0,0.68,0,0.68,0,0.68,0,0.68,0.68,,,,,,
PE,0.69,0,0.69,0,0.69,0,0.69,0,0.69,0,0.69,0,0.69,0.69,,,,,,
PE,0.7,0.7,0.7,0.7,0.7,0.7,0.7,0.7,0.7,0.7,0.7,0.7,0.7,0.7,,,,,,
PE,0.71,0.71,0.71,0.71,0.71,0.71,0.71,0.71,0.71,0.71,0.71,0.71,0.71,0.71,,,,,,
PE,0.72,0.72,0.72,0.72,0.72,0.72,0.72,0.72,0.72,0.72,0.72,0.72,0.72,0.72,,,,,,
PE,0.73,0.73,0.73,0.73,0.73,0.73,0.73,0.73,0.73,0.73,0.73,0.73,0.73,0.73,,,,,,
PE,0.74,0.74,0.74,0.74,0.74,0.74,0.74,0.74,0.74,0.74,0.74,0.74,0.74,0.74,,,,,,
PE,0.75,0.75,0.75,0.75,0.75,0.75,0.75,0.75,0.75,0.75,0.75,0.75,0.75,0.75,,,,,,
PE,0.76,0.76,0.76,0.76,0.76,0.76,0.76,0.76,0.76,0.76,0.76,0.76,0.76,0.76,,,,,,
PE,0.77,0.77,0.77,0.77,0.77,0.77,0.77,0.77,0.77,0.77,0.77,0.77,0.77,0.77,,,,,,
PE,0.78,0.78,0.78,0.78,0.78,0.78,0.78,0.78,0.78,0.78,0.78,0.78,0.78,0.78,,,,,,
PE,0.79,0.79,0.79,0.79,0.79,0.79,0.79,0.79,0.79,0.79,0.79,0.79,0.79,0.79,,,,,,
PE,0.8,0.8,0.8,0.8,0.8,0.8,0.8,0.8,0.8,0.8,0.8,0.8,0.8,0.8,,,,,,
PE,0.81,0.81,0.81,0.81,0.81,0.81,0.81,0.81,0.81,0.81,0.81,0.81,0.81,0.81,,,,,,
PE,0.82,0.82,0.82,0.82,0.82,0.82,0.82,0.82,0.82,0.82,0.82,0.82,0.82,0.82,,,,,,
PE,0.83,0.83,0.83,0.83,0.83,0.83,0.83,0.83,0.83,0.83,0.83,0.83,0.83,0.83,,,,,,
PE,0.84,0.84,0.84,0.84,0.84,0.84,0.84,0.84,0.84,0.84,0.84,0.84,0.84,0.84,,,,,,
PE,0.85,0.85,0.85,0.85,0.85,0.85,0.85,0.85,0.85,0.85,0.85,0.85,0.85,0.85,,,,,,
PE,0.86,0.86,0.86,0.86,0.86,0.86,0.86,0.86,0.86,0.86,0.86,0.86,0.86,0.86,,,,,,
PE,0.87,0.87,0.87,0.87,0.87,0.87,0.87,0.87,0.87,0.87,0.87,0.87,0.87,0.87,,,,,,
PE,0.88,0.88,0.88,0.88,0.88,0.88,0.88,0.88,0.88,0.88,0.88,0.88,0.88,0.88,,,,,,
PE,0.89,0.89,0.89,0.89,0.89,0.89,0.89,0.89,0.89,0.89,0.89,0.89,0.89,0.89,,,,,,
PE,0.9,0.9,0.9,0.9,0.9,0.9,0.9,0.9,0.9,0.9,0.9,0.9,0.9,0.9,,,,,,
PE,0.91,0.91,0.91,0.91,0.91,0.91,0.91,0.91,0.91,0.91,0.91,0.91,0.91,0.91,,,,,,
PE,0.92,0.92,0.92,0.92,0.92,0.92,0.92,0.92,0.92,0.92,0.92,0.92,0.92,0.92,,,,,,
PE,0.93,0.93,0.93,0.93,0.93,0.93,0.93,0.93,0.93,0.93,0.93,0.93,0.93,0.93,,,,,,
PE,0.94,0.94,0.94,0.94,0.94,0.94,0.94,0.94,0.94,0.94,0.94,0.94,0.94,0.94,,,,,,
PE,0.95,0.95,0.95,0.95,0.95,0.95,0.95,0.95,0.95,0.95,0.95,0.95,0.95,0.95,,,,,,
PE,0.96,0.96,0.96,0.96,0.96,0.96,0.96,0.96,0.96,0.96,0.96,0.96,0.96,0.96,,,,,,
PE,0.97,0.97,0.97,0.97,0.97,0.97,0.97,0.97,0.97,0.97,0.97,0.97,0.97,0.97,,,,,,
PE,0.98,0.98,0.98,0.98,0.98,0.98,0.98,0.98,0.98,0.98,0.98,0.98,0.98,0.98,,,,,,
PE,0.99,0.99,0.99,0.99,0.99,0.99,0.99,0.99,0.99,0.99,0.99,0.99,0.99,0.99,,,,,,
PE,1,1,1,1,1,1,1,1,1,1,1,1,1,1,,,,,,
PE,1.01,1.05,1.01,1.05,1.01,1.05,1.01,1.05,1.01,1.05,1.01,1.05,1.01,1.1,,,,,,
PE,1.02,1.1,1.02,1.1,1.02,1.1,1.02,1.1,1.02,1.1,1.02,1.1,1.02,1.2,,,,,,
PE,1.03,1.15,1.03,1.15,1.03,1.15,1.03,1.15,1.03,1.15,1.03,1.15,1.03,1.3,,,,,,
PE,1.04,1.2,1.04,1.2,1.04,1.2,1.04,1.2,1.04,1.2,1.04,1.2,1.04,1.4,,,,,,
PE,1.05,1.25,1.05,1.25,1.05,1.25,1.05,1.25,1.05,1.25,1.05,1.25,1.05,1.5,,,,,,
PE,1.06,1.3,1.06,1.3,1.06,1.3,1.06,1.3,1.06,1.3,1.06,1.3,1.06,1.6,,,,,,
PE,1.07,1.35,1.07,1.35,1.07,1.35,1.07,1.35,1.07,1.35,1.07,1.35,1.07,1.7,,,,,,
PE,1.08,1.4,1.08,1.4,1.08,1.4,1.08,1.4,1.08,1.4,1.08,1.4,1.08,1.8,,,,,,
PE,1.09,1.45,1.09,1.45,1.09,1.45,1.09,1.45,1.09,1.45,1.09,1.45,1.09,1.9,,,,,,
PE,1.1,1.5,1.1,1.5,1.1,1.5,1.1,1.5,1.1,1.5,1.1,1.5,1.1,2,,,,,,
PE,1.11,1.55,1.11,1.55,1.11,1.55,1.11,1.55,1.11,1.55,1.11,1.55,1.11,2,,,,,,
PE,1.12,1.6,1.12,1.6,1.12,1.6,1.12,1.6,1.12,1.6,1.12,1.6,1.12,2,,,,,,
PE,1.13,1.65,1.13,1.65,1.13,1.65,1.13,1.65,1.13,1.65,1.13,1.65,1.13,2,,,,,,
PE,1.14,1.7,1.14,1.7,1.14,1.7,1.14,1.7,1.14,1.7,1.14,1.7,1.14,2,,,,,,
PE,1.15,1.75,1.15,1.75,1.15,1.75,1.15,1.75,1.15,1.75,1.15,1.75,1.15,2,,,,,,
PE,1.16,1.8,1.16,1.8,1.16,1.8,1.16,1.8,1.16,1.8,1.16,1.8,1.16,2,,,,,,
PE,1.17,1.85,1.17,1.85,1.17,1.85,1.17,1.85,1.17,1.85,1.17,1.85,1.17,2,,,,,,
PE,1.18,1.9,1.18,1.9,1.18,1.9,1.18,1.9,1.18,1.9,1.18,1.9,1.18,2,,,,,,
PE,1.19,1.95,1.19,1.95,1.19,1.95,1.19,1.95,1.19,1.95,1.19,1.95,1.19,2,,,,,,
PE,1.2,2,1.2,2,1.2,2,1.2,2,1.2,2,1.2,2,1.2,2,,,,,,
PE,1.21,2,1.21,2,1.21,2,1.21,2,1.21,2,1.21,2,1.21,2,,,,,,
PE,1.22,2,1.22,2,1.22,2,1.22,2,1.22,2,1.22,2,1.22,2,,,,,,
PE,1.23,2,1.23,2,1.23,2,1.23,2,1.23,2,1.23,2,1.23,2,,,,,,
PE,1.24,2,1.24,2,1.24,2,1.24,2,1.24,2,1.24,2,1.24,2,,,,,,
PE,1.25,2,1.25,2,1.25,2,1.25,2,1.25,2,1.25,2,1.25,2,,,,,,
PE,1.26,2,1.26,2,1.26,2,1.26,2,1.26,2,1.26,2,1.26,2,,,,,,
PE,1.27,2,1.27,2,1.27,2,1.27,2,1.27,2,1.27,2,1.27,2,,,,,,
PE,1.28,2,1.28,2,1.28,2,1.28,2,1.28,2,1.28,2,1.28,2,,,,,,
PE,1.29,2,1.29,2,1.29,2,1.29,2,1.29,2,1.29,2,1.29,2,,,,,,
PE,1.3,2,1.3,2,1.3,2,1.3,2,1.3,2,1.3,2,1.3,2,,,,,,
PE,1.31,2,1.31,2,1.31,2,1.31,2,1.31,2,1.31,2,1.31,2,,,,,,
PE,1.32,2,1.32,2,1.32,2,1.32,2,1.32,2,1.32,2,1.32,2,,,,,,
PE,1.33,2,1.33,2,1.33,2,1.33,2,1.33,2,1.33,2,1.33,2,,,,,,
PE,1.34,2,1.34,2,1.34,2,1.34,2,1.34,2,1.34,2,1.34,2,,,,,,
PE,1.35,2,1.35,2,1.35,2,1.35,2,1.35,2,1.35,2,1.35,2,,,,,,
PE,1.36,2,1.36,2,1.36,2,1.36,2,1.36,2,1.36,2,1.36,2,,,,,,
PE,1.37,2,1.37,2,1.37,2,1.37,2,1.37,2,1.37,2,1.37,2,,,,,,
PE,1.38,2,1.38,2,1.38,2,1.38,2,1.38,2,1.38,2,1.38,2,,,,,,
PE,1.39,2,1.39,2,1.39,2,1.39,2,1.39,2,1.39,2,1.39,2,,,,,,
PE,1.4,2,1.4,2,1.4,2,1.4,2,1.4,2,1.4,2,1.4,2,,,,,,
PE,1.41,2,1.41,2,1.41,2,1.41,2,1.41,2,1.41,2,1.41,2,,,,,,
PE,1.42,2,1.42,2,1.42,2,1.42,2,1.42,2,1.42,2,1.42,2,,,,,,
PE,1.43,2,1.43,2,1.43,2,1.43,2,1.43,2,1.43,2,1.43,2,,,,,,
PE,1.44,2,1.44,2,1.44,2,1.44,2,1.44,2,1.44,2,1.44,2,,,,,,
PE,1.45,2,1.45,2,1.45,2,1.45,2,1.45,2,1.45,2,1.45,2,,,,,,
PE,1.46,2,1.46,2,1.46,2,1.46,2,1.46,2,1.46,2,1.46,2,,,,,,
PE,1.47,2,1.47,2,1.47,2,1.47,2,1.47,2,1.47,2,1.47,2,,,,,,
PE,1.48,2,1.48,2,1.48,2,1.48,2,1.48,2,1.48,2,1.48,2,,,,,,
PE,1.49,2,1.49,2,1.49,2,1.49,2,1.49,2,1.49,2,1.49,2,,,,,,
PE,1.5,2,1.5,2,1.5,2,1.5,2,1.5,2,1.5,2,1.5,2,,,,,,
PE,1.51,2,1.51,2,1.51,2,1.51,2,1.51,2,1.51,2,1.51,2,,,,,,
PE,1.52,2,1.52,2,1.52,2,1.52,2,1.52,2,1.52,2,1.52,2,,,,,,
PE,1.53,2,1.53,2,1.53,2,1.53,2,1.53,2,1.53,2,1.53,2,,,,,,
PE,1.54,2,1.54,2,1.54,2,1.54,2,1.54,2,1.54,2,1.54,2,,,,,,
PE,1.55,2,1.55,2,1.55,2,1.55,2,1.55,2,1.55,2,1.55,2,,,,,,
PE,1.56,2,1.56,2,1.56,2,1.56,2,1.56,2,1.56,2,1.56,2,,,,,,
PE,1.57,2,1.57,2,1.57,2,1.57,2,1.57,2,1.57,2,1.57,2,,,,,,
PE,1.58,2,1.58,2,1.58,2,1.58,2,1.58,2,1.58,2,1.58,2,,,,,,
PE,1.59,2,1.59,2,1.59,2,1.59,2,1.59,2,1.59,2,1.59,2,,,,,,
PE,1.6,2,1.6,2,1.6,2,1.6,2,1.6,2,1.6,2,1.6,2,,,,,,
PE,1.61,2,1.61,2,1.61,2,1.61,2,1.61,2,1.61,2,1.61,2,,,,,,
PE,1.62,2,1.62,2,1.62,2,1.62,2,1.62,2,1.62,2,1.62,2,,,,,,
PE,1.63,2,1.63,2,1.63,2,1.63,2,1.63,2,1.63,2,1.63,2,,,,,,
PE,1.64,2,1.64,2,1.64,2,1.64,2,1.64,2,1.64,2,1.64,2,,,,,,
PE,1.65,2,1.65,2,1.65,2,1.65,2,1.65,2,1.65,2,1.65,2,,,,,,
PE,1.66,2,1.66,2,1.66,2,1.66,2,1.66,2,1.66,2,1.66,2,,,,,,
PE,1.67,2,1.67,2,1.67,2,1.67,2,1.67,2,1.67,2,1.67,2,,,,,,
PE,1.68,2,1.68,2,1.68,2,1.68,2,1.68,2,1.68,2,1.68,2,,,,,,
PE,1.69,2,1.69,2,1.69,2,1.69,2,1.69,2,1.69,2,1.69,2,,,,,,
PE,1.7,2,1.7,2,1.7,2,1.7,2,1.7,2,1.7,2,1.7,2,,,,,,
PE,1.71,2,1.71,2,1.71,2,1.71,2,1.71,2,1.71,2,1.71,2,,,,,,
PE,1.72,2,1.72,2,1.72,2,1.72,2,1.72,2,1.72,2,1.72,2,,,,,,
PE,1.73,2,1.73,2,1.73,2,1.73,2,1.73,2,1.73,2,1.73,2,,,,,,
PE,1.74,2,1.74,2,1.74,2,1.74,2,1.74,2,1.74,2,1.74,2,,,,,,
PE,1.75,2,1.75,2,1.75,2,1.75,2,1.75,2,1.75,2,1.75,2,,,,,,
PE,1.76,2,1.76,2,1.76,2,1.76,2,1.76,2,1.76,2,1.76,2,,,,,,
PE,1.77,2,1.77,2,1.77,2,1.77,2,1.77,2,1.77,2,1.77,2,,,,,,
PE,1.78,2,1.78,2,1.78,2,1.78,2,1.78,2,1.78,2,1.78,2,,,,,,
PE,1.79,2,1.79,2,1.79,2,1.79,2,1.79,2,1.79,2,1.79,2,,,,,,
PE,1.8,2,1.8,2,1.8,2,1.8,2,1.8,2,1.8,2,1.8,2,,,,,,
PE,1.81,2,1.81,2,1.81,2,1.81,2,1.81,2,1.81,2,1.81,2,,,,,,
PE,1.82,2,1.82,2,1.82,2,1.82,2,1.82,2,1.82,2,1.82,2,,,,,,
PE,1.83,2,1.83,2,1.83,2,1.83,2,1.83,2,1.83,2,1.83,2,,,,,,
PE,1.84,2,1.84,2,1.84,2,1.84,2,1.84,2,1.84,2,1.84,2,,,,,,
PE,1.85,2,1.85,2,1.85,2,1.85,2,1.85,2,1.85,2,1.85,2,,,,,,
PE,1.86,2,1.86,2,1.86,2,1.86,2,1.86,2,1.86,2,1.86,2,,,,,,
PE,1.87,2,1.87,2,1.87,2,1.87,2,1.87,2,1.87,2,1.87,2,,,,,,
PE,1.88,2,1.88,2,1.88,2,1.88,2,1.88,2,1.88,2,1.88,2,,,,,,
PE,1.89,2,1.89,2,1.89,2,1.89,2,1.89,2,1.89,2,1.89,2,,,,,,
PE,1.9,2,1.9,2,1.9,2,1.9,2,1.9,2,1.9,2,1.9,2,,,,,,
PE,1.91,2,1.91,2,1.91,2,1.91,2,1.91,2,1.91,2,1.91,2,,,,,,
PE,1.92,2,1.92,2,1.92,2,1.92,2,1.92,2,1.92,2,1.92,2,,,,,,
PE,1.93,2,1.93,2,1.93,2,1.93,2,1.93,2,1.93,2,1.93,2,,,,,,
PE,1.94,2,1.94,2,1.94,2,1.94,2,1.94,2,1.94,2,1.94,2,,,,,,
PE,1.95,2,1.95,2,1.95,2,1.95,2,1.95,2,1.95,2,1.95,2,,,,,,
PE,1.96,2,1.96,2,1.96,2,1.96,2,1.96,2,1.96,2,1.96,2,,,,,,
PE,1.97,2,1.97,2,1.97,2,1.97,2,1.97,2,1.97,2,1.97,2,,,,,,
PE,1.98,2,1.98,2,1.98,2,1.98,2,1.98,2,1.98,2,1.98,2,,,,,,
PE,1.99,2,1.99,2,1.99,2,1.99,2,1.99,2,1.99,2,1.99,2,,,,,,
PE,2,2,2,2,2,2,2,2,2,2,2,2,2,2,,,,,,
PE,2.01,2,2.01,2,2.01,2,2.01,2,2.01,2,2.01,2,2.01,2,,,,,,
PE,2.02,2,2.02,2,2.02,2,2.02,2,2.02,2,2.02,2,2.02,2,,,,,,
PE,2.03,2,2.03,2,2.03,2,2.03,2,2.03,2,2.03,2,2.03,2,,,,,,
PE,2.04,2,2.04,2,2.04,2,2.04,2,2.04,2,2.04,2,2.04,2,,,,,,
PE,2.05,2,2.05,2,2.05,2,2.05,2,2.05,2,2.05,2,2.05,2,,,,,,
PE,2.06,2,2.06,2,2.06,2,2.06,2,2.06,2,2.06,2,2.06,2,,,,,,
PE,2.07,2,2.07,2,2.07,2,2.07,2,2.07,2,2.07,2,2.07,2,,,,,,
PE,2.08,2,2.08,2,2.08,2,2.08,2,2.08,2,2.08,2,2.08,2,,,,,,
PE,2.09,2,2.09,2,2.09,2,2.09,2,2.09,2,2.09,2,2.09,2,,,,,,
PE,2.1,2,2.1,2,2.1,2,2.1,2,2.1,2,2.1,2,2.1,2,,,,,,
PE,2.11,2,2.11,2,2.11,2,2.11,2,2.11,2,2.11,2,2.11,2,,,,,,
PE,2.12,2,2.12,2,2.12,2,2.12,2,2.12,2,2.12,2,2.12,2,,,,,,
PE,2.13,2,2.13,2,2.13,2,2.13,2,2.13,2,2.13,2,2.13,2,,,,,,
PE,2.14,2,2.14,2,2.14,2,2.14,2,2.14,2,2.14,2,2.14,2,,,,,,
PE,2.15,2,2.15,2,2.15,2,2.15,2,2.15,2,2.15,2,2.15,2,,,,,,
PE,2.16,2,2.16,2,2.16,2,2.16,2,2.16,2,2.16,2,2.16,2,,,,,,
PE,2.17,2,2.17,2,2.17,2,2.17,2,2.17,2,2.17,2,2.17,2,,,,,,
PE,2.18,2,2.18,2,2.18,2,2.18,2,2.18,2,2.18,2,2.18,2,,,,,,
PE,2.19,2,2.19,2,2.19,2,2.19,2,2.19,2,2.19,2,2.19,2,,,,,,
PE,2.2,2,2.2,2,2.2,2,2.2,2,2.2,2,2.2,2,2.2,2,,,,,,
PE,2.21,2,2.21,2,2.21,2,2.21,2,2.21,2,2.21,2,2.21,2,,,,,,
PE,2.22,2,2.22,2,2.22,2,2.22,2,2.22,2,2.22,2,2.22,2,,,,,,
PE,2.23,2,2.23,2,2.23,2,2.23,2,2.23,2,2.23,2,2.23,2,,,,,,
PE,2.24,2,2.24,2,2.24,2,2.24,2,2.24,2,2.24,2,2.24,2,,,,,,
PE,2.25,2,2.25,2,2.25,2,2.25,2,2.25,2,2.25,2,2.25,2,,,,,,
PE,2.26,2,2.26,2,2.26,2,2.26,2,2.26,2,2.26,2,2.26,2,,,,,,
PE,2.27,2,2.27,2,2.27,2,2.27,2,2.27,2,2.27,2,2.27,2,,,,,,
PE,2.28,2,2.28,2,2.28,2,2.28,2,2.28,2,2.28,2,2.28,2,,,,,,
PE,2.29,2,2.29,2,2.29,2,2.29,2,2.29,2,2.29,2,2.29,2,,,,,,
PE,2.3,2,2.3,2,2.3,2,2.3,2,2.3,2,2.3,2,2.3,2,,,,,,
PE,2.31,2,2.31,2,2.31,2,2.31,2,2.31,2,2.31,2,2.31,2,,,,,,
PE,2.32,2,2.32,2,2.32,2,2.32,2,2.32,2,2.32,2,2.32,2,,,,,,
PE,2.33,2,2.33,2,2.33,2,2.33,2,2.33,2,2.33,2,2.33,2,,,,,,
PE,2.34,2,2.34,2,2.34,2,2.34,2,2.34,2,2.34,2,2.34,2,,,,,,
PE,2.35,2,2.35,2,2.35,2,2.35,2,2.35,2,2.35,2,2.35,2,,,,,,
PE,2.36,2,2.36,2,2.36,2,2.36,2,2.36,2,2.36,2,2.36,2,,,,,,
PE,2.37,2,2.37,2,2.37,2,2.37,2,2.37,2,2.37,2,2.37,2,,,,,,
PE,2.38,2,2.38,2,2.38,2,2.38,2,2.38,2,2.38,2,2.38,2,,,,,,
PE,2.39,2,2.39,2,2.39,2,2.39,2,2.39,2,2.39,2,2.39,2,,,,,,
PE,2.4,2,2.4,2,2.4,2,2.4,2,2.4,2,2.4,2,2.4,2,,,,,,
PE,2.41,2,2.41,2,2.41,2,2.41,2,2.41,2,2.41,2,2.41,2,,,,,,
PE,2.42,2,2.42,2,2.42,2,2.42,2,2.42,2,2.42,2,2.42,2,,,,,,
PE,2.43,2,2.43,2,2.43,2,2.43,2,2.43,2,2.43,2,2.43,2,,,,,,
PE,2.44,2,2.44,2,2.44,2,2.44,2,2.44,2,2.44,2,2.44,2,,,,,,
PE,2.45,2,2.45,2,2.45,2,2.45,2,2.45,2,2.45,2,2.45,2,,,,,,
PE,2.46,2,2.46,2,2.46,2,2.46,2,2.46,2,2.46,2,2.46,2,,,,,,
PE,2.47,2,2.47,2,2.47,2,2.47,2,2.47,2,2.47,2,2.47,2,,,,,,
PE,2.48,2,2.48,2,2.48,2,2.48,2,2.48,2,2.48,2,2.48,2,,,,,,
PE,2.49,2,2.49,2,2.49,2,2.49,2,2.49,2,2.49,2,2.49,2,,,,,,
PE,2.5,2,2.5,2,2.5,2,2.5,2,2.5,2,2.5,2,2.5,2,,,,,,
PE,2.51,2,2.51,2,2.51,2,2.51,2,2.51,2,2.51,2,2.51,2,,,,,,
PE,2.52,2,2.52,2,2.52,2,2.52,2,2.52,2,2.52,2,2.52,2,,,,,,
PE,2.53,2,2.53,2,2.53,2,2.53,2,2.53,2,2.53,2,2.53,2,,,,,,
PE,2.54,2,2.54,2,2.54,2,2.54,2,2.54,2,2.54,2,2.54,2,,,,,,
PE,2.55,2,2.55,2,2.55,2,2.55,2,2.55,2,2.55,2,2.55,2,,,,,,
PE,2.56,2,2.56,2,2.56,2,2.56,2,2.56,2,2.56,2,2.56,2,,,,,,
PE,2.57,2,2.57,2,2.57,2,2.57,2,2.57,2,2.57,2,2.57,2,,,,,,
PE,2.58,2,2.58,2,2.58,2,2.58,2,2.58,2,2.58,2,2.58,2,,,,,,
PE,2.59,2,2.59,2,2.59,2,2.59,2,2.59,2,2.59,2,2.59,2,,,,,,
PE,2.6,2,2.6,2,2.6,2,2.6,2,2.6,2,2.6,2,2.6,2,,,,,,
PE,2.61,2,2.61,2,2.61,2,2.61,2,2.61,2,2.61,2,2.61,2,,,,,,
PE,2.62,2,2.62,2,2.62,2,2.62,2,2.62,2,2.62,2,2.62,2,,,,,,
PE,2.63,2,2.63,2,2.63,2,2.63,2,2.63,2,2.63,2,2.63,2,,,,,,
PE,2.64,2,2.64,2,2.64,2,2.64,2,2.64,2,2.64,2,2.64,2,,,,,,
PE,2.65,2,2.65,2,2.65,2,2.65,2,2.65,2,2.65,2,2.65,2,,,,,,
PE,2.66,2,2.66,2,2.66,2,2.66,2,2.66,2,2.66,2,2.66,2,,,,,,
PE,2.67,2,2.67,2,2.67,2,2.67,2,2.67,2,2.67,2,2.67,2,,,,,,
PE,2.68,2,2.68,2,2.68,2,2.68,2,2.68,2,2.68,2,2.68,2,,,,,,
PE,2.69,2,2.69,2,2.69,2,2.69,2,2.69,2,2.69,2,2.69,2,,,,,,
PE,2.7,2,2.7,2,2.7,2,2.7,2,2.7,2,2.7,2,2.7,2,,,,,,
PE,2.71,2,2.71,2,2.71,2,2.71,2,2.71,2,2.71,2,2.71,2,,,,,,
PE,2.72,2,2.72,2,2.72,2,2.72,2,2.72,2,2.72,2,2.72,2,,,,,,
PE,2.73,2,2.73,2,2.73,2,2.73,2,2.73,2,2.73,2,2.73,2,,,,,,
PE,2.74,2,2.74,2,2.74,2,2.74,2,2.74,2,2.74,2,2.74,2,,,,,,
PE,2.75,2,2.75,2,2.75,2,2.75,2,2.75,2,2.75,2,2.75,2,,,,,,
PE,2.76,2,2.76,2,2.76,2,2.76,2,2.76,2,2.76,2,2.76,2,,,,,,
PE,2.77,2,2.77,2,2.77,2,2.77,2,2.77,2,2.77,2,2.77,2,,,,,,
PE,2.78,2,2.78,2,2.78,2,2.78,2,2.78,2,2.78,2,2.78,2,,,,,,
PE,2.79,2,2.79,2,2.79,2,2.79,2,2.79,2,2.79,2,2.79,2,,,,,,
PE,2.8,2,2.8,2,2.8,2,2.8,2,2.8,2,2.8,2,2.8,2,,,,,,
PE,2.81,2,2.81,2,2.81,2,2.81,2,2.81,2,2.81,2,2.81,2,,,,,,
PE,2.82,2,2.82,2,2.82,2,2.82,2,2.82,2,2.82,2,2.82,2,,,,,,
PE,2.83,2,2.83,2,2.83,2,2.83,2,2.83,2,2.83,2,2.83,2,,,,,,
PE,2.84,2,2.84,2,2.84,2,2.84,2,2.84,2,2.84,2,2.84,2,,,,,,
PE,2.85,2,2.85,2,2.85,2,2.85,2,2.85,2,2.85,2,2.85,2,,,,,,
PE,2.86,2,2.86,2,2.86,2,2.86,2,2.86,2,2.86,2,2.86,2,,,,,,
PE,2.87,2,2.87,2,2.87,2,2.87,2,2.87,2,2.87,2,2.87,2,,,,,,
PE,2.88,2,2.88,2,2.88,2,2.88,2,2.88,2,2.88,2,2.88,2,,,,,,
PE,2.89,2,2.89,2,2.89,2,2.89,2,2.89,2,2.89,2,2.89,2,,,,,,
PE,2.9,2,2.9,2,2.9,2,2.9,2,2.9,2,2.9,2,2.9,2,,,,,,
PE,2.91,2,2.91,2,2.91,2,2.91,2,2.91,2,2.91,2,2.91,2,,,,,,
PE,2.92,2,2.92,2,2.92,2,2.92,2,2.92,2,2.92,2,2.92,2,,,,,,
PE,2.93,2,2.93,2,2.93,2,2.93,2,2.93,2,2.93,2,2.93,2,,,,,,
PE,2.94,2,2.94,2,2.94,2,2.94,2,2.94,2,2.94,2,2.94,2,,,,,,
PE,2.95,2,2.95,2,2.95,2,2.95,2,2.95,2,2.95,2,2.95,2,,,,,,
PE,2.96,2,2.96,2,2.96,2,2.96,2,2.96,2,2.96,2,2.96,2,,,,,,
PE,2.97,2,2.97,2,2.97,2,2.97,2,2.97,2,2.97,2,2.97,2,,,,,,
PE,2.98,2,2.98,2,2.98,2,2.98,2,2.98,2,2.98,2,2.98,2,,,,,,
PE,2.99,2,2.99,2,2.99,2,2.99,2,2.99,2,2.99,2,2.99,2,,,,,,
PE,3,2,3,2,3,2,3,2,3,2,3,2,3,2,,,,,,
PE,3.01,2,3.01,2,3.01,2,3.01,2,3.01,2,3.01,2,3.01,2,,,,,,
PE,3.02,2,3.02,2,3.02,2,3.02,2,3.02,2,3.02,2,3.02,2,,,,,,
PE,3.03,2,3.03,2,3.03,2,3.03,2,3.03,2,3.03,2,3.03,2,,,,,,
PE,3.04,2,3.04,2,3.04,2,3.04,2,3.04,2,3.04,2,3.04,2,,,,,,
PE,3.05,2,3.05,2,3.05,2,3.05,2,3.05,2,3.05,2,3.05,2,,,,,,
PE,3.06,2,3.06,2,3.06,2,3.06,2,3.06,2,3.06,2,3.06,2,,,,,,
PE,3.07,2,3.07,2,3.07,2,3.07,2,3.07,2,3.07,2,3.07,2,,,,,,
PE,3.08,2,3.08,2,3.08,2,3.08,2,3.08,2,3.08,2,3.08,2,,,,,,
PE,3.09,2,3.09,2,3.09,2,3.09,2,3.09,2,3.09,2,3.09,2,,,,,,
PE,3.1,2,3.1,2,3.1,2,3.1,2,3.1,2,3.1,2,3.1,2,,,,,,
PE,3.11,2,3.11,2,3.11,2,3.11,2,3.11,2,3.11,2,3.11,2,,,,,,
PE,3.12,2,3.12,2,3.12,2,3.12,2,3.12,2,3.12,2,3.12,2,,,,,,
PE,3.13,2,3.13,2,3.13,2,3.13,2,3.13,2,3.13,2,3.13,2,,,,,,
PE,3.14,2,3.14,2,3.14,2,3.14,2,3.14,2,3.14,2,3.14,2,,,,,,
PE,3.15,2,3.15,2,3.15,2,3.15,2,3.15,2,3.15,2,3.15,2,,,,,,
PE,3.16,2,3.16,2,3.16,2,3.16,2,3.16,2,3.16,2,3.16,2,,,,,,
PE,3.17,2,3.17,2,3.17,2,3.17,2,3.17,2,3.17,2,3.17,2,,,,,,
PE,3.18,2,3.18,2,3.18,2,3.18,2,3.18,2,3.18,2,3.18,2,,,,,,
PE,3.19,2,3.19,2,3.19,2,3.19,2,3.19,2,3.19,2,3.19,2,,,,,,
PE,3.2,2,3.2,2,3.2,2,3.2,2,3.2,2,3.2,2,3.2,2,,,,,,
PE,3.21,2,3.21,2,3.21,2,3.21,2,3.21,2,3.21,2,3.21,2,,,,,,
PE,3.22,2,3.22,2,3.22,2,3.22,2,3.22,2,3.22,2,3.22,2,,,,,,
PE,3.23,2,3.23,2,3.23,2,3.23,2,3.23,2,3.23,2,3.23,2,,,,,,
PE,3.24,2,3.24,2,3.24,2,3.24,2,3.24,2,3.24,2,3.24,2,,,,,,
PE,3.25,2,3.25,2,3.25,2,3.25,2,3.25,2,3.25,2,3.25,2,,,,,,
PE,3.26,2,3.26,2,3.26,2,3.26,2,3.26,2,3.26,2,3.26,2,,,,,,
PE,3.27,2,3.27,2,3.27,2,3.27,2,3.27,2,3.27,2,3.27,2,,,,,,
PE,3.28,2,3.28,2,3.28,2,3.28,2,3.28,2,3.28,2,3.28,2,,,,,,
PE,3.29,2,3.29,2,3.29,2,3.29,2,3.29,2,3.29,2,3.29,2,,,,,,
PE,3.3,2,3.3,2,3.3,2,3.3,2,3.3,2,3.3,2,3.3,2,,,,,,
PE,3.31,2,3.31,2,3.31,2,3.31,2,3.31,2,3.31,2,3.31,2,,,,,,
PE,3.32,2,3.32,2,3.32,2,3.32,2,3.32,2,3.32,2,3.32,2,,,,,,
PE,3.33,2,3.33,2,3.33,2,3.33,2,3.33,2,3.33,2,3.33,2,,,,,,
PE,3.34,2,3.34,2,3.34,2,3.34,2,3.34,2,3.34,2,3.34,2,,,,,,
PE,3.35,2,3.35,2,3.35,2,3.35,2,3.35,2,3.35,2,3.35,2,,,,,,
PE,3.36,2,3.36,2,3.36,2,3.36,2,3.36,2,3.36,2,3.36,2,,,,,,
PE,3.37,2,3.37,2,3.37,2,3.37,2,3.37,2,3.37,2,3.37,2,,,,,,
PE,3.38,2,3.38,2,3.38,2,3.38,2,3.38,2,3.38,2,3.38,2,,,,,,
PE,3.39,2,3.39,2,3.39,2,3.39,2,3.39,2,3.39,2,3.39,2,,,,,,
PE,3.4,2,3.4,2,3.4,2,3.4,2,3.4,2,3.4,2,3.4,2,,,,,,
PE,3.41,2,3.41,2,3.41,2,3.41,2,3.41,2,3.41,2,3.41,2,,,,,,
PE,3.42,2,3.42,2,3.42,2,3.42,2,3.42,2,3.42,2,3.42,2,,,,,,
PE,3.43,2,3.43,2,3.43,2,3.43,2,3.43,2,3.43,2,3.43,2,,,,,,
PE,3.44,2,3.44,2,3.44,2,3.44,2,3.44,2,3.44,2,3.44,2,,,,,,
PE,3.45,2,3.45,2,3.45,2,3.45,2,3.45,2,3.45,2,3.45,2,,,,,,
PE,3.46,2,3.46,2,3.46,2,3.46,2,3.46,2,3.46,2,3.46,2,,,,,,
PE,3.47,2,3.47,2,3.47,2,3.47,2,3.47,2,3.47,2,3.47,2,,,,,,
PE,3.48,2,3.48,2,3.48,2,3.48,2,3.48,2,3.48,2,3.48,2,,,,,,
PE,3.49,2,3.49,2,3.49,2,3.49,2,3.49,2,3.49,2,3.49,2,,,,,,
PE,3.5,2,3.5,2,3.5,2,3.5,2,3.5,2,3.5,2,3.5,2,,,,,,
PE,3.51,2,3.51,2,3.51,2,3.51,2,3.51,2,3.51,2,3.51,2,,,,,,
PE,3.52,2,3.52,2,3.52,2,3.52,2,3.52,2,3.52,2,3.52,2,,,,,,
PE,3.53,2,3.53,2,3.53,2,3.53,2,3.53,2,3.53,2,3.53,2,,,,,,
PE,3.54,2,3.54,2,3.54,2,3.54,2,3.54,2,3.54,2,3.54,2,,,,,,
PE,3.55,2,3.55,2,3.55,2,3.55,2,3.55,2,3.55,2,3.55,2,,,,,,
PE,3.56,2,3.56,2,3.56,2,3.56,2,3.56,2,3.56,2,3.56,2,,,,,,
PE,3.57,2,3.57,2,3.57,2,3.57,2,3.57,2,3.57,2,3.57,2,,,,,,
PE,3.58,2,3.58,2,3.58,2,3.58,2,3.58,2,3.58,2,3.58,2,,,,,,
PE,3.59,2,3.59,2,3.59,2,3.59,2,3.59,2,3.59,2,3.59,2,,,,,,
PE,3.6,2,3.6,2,3.6,2,3.6,2,3.6,2,3.6,2,3.6,2,,,,,,
PE,3.61,2,3.61,2,3.61,2,3.61,2,3.61,2,3.61,2,3.61,2,,,,,,
PE,3.62,2,3.62,2,3.62,2,3.62,2,3.62,2,3.62,2,3.62,2,,,,,,
PE,3.63,2,3.63,2,3.63,2,3.63,2,3.63,2,3.63,2,3.63,2,,,,,,
PE,3.64,2,3.64,2,3.64,2,3.64,2,3.64,2,3.64,2,3.64,2,,,,,,
PE,3.65,2,3.65,2,3.65,2,3.65,2,3.65,2,3.65,2,3.65,2,,,,,,
PE,3.66,2,3.66,2,3.66,2,3.66,2,3.66,2,3.66,2,3.66,2,,,,,,
PE,3.67,2,3.67,2,3.67,2,3.67,2,3.67,2,3.67,2,3.67,2,,,,,,
PE,3.68,2,3.68,2,3.68,2,3.68,2,3.68,2,3.68,2,3.68,2,,,,,,
PE,3.69,2,3.69,2,3.69,2,3.69,2,3.69,2,3.69,2,3.69,2,,,,,,
PE,3.7,2,3.7,2,3.7,2,3.7,2,3.7,2,3.7,2,3.7,2,,,,,,
PE,3.71,2,3.71,2,3.71,2,3.71,2,3.71,2,3.71,2,3.71,2,,,,,,
PE,3.72,2,3.72,2,3.72,2,3.72,2,3.72,2,3.72,2,3.72,2,,,,,,
PE,3.73,2,3.73,2,3.73,2,3.73,2,3.73,2,3.73,2,3.73,2,,,,,,
PE,3.74,2,3.74,2,3.74,2,3.74,2,3.74,2,3.74,2,3.74,2,,,,,,
PE,3.75,2,3.75,2,3.75,2,3.75,2,3.75,2,3.75,2,3.75,2,,,,,,
PE,3.76,2,3.76,2,3.76,2,3.76,2,3.76,2,3.76,2,3.76,2,,,,,,
PE,3.77,2,3.77,2,3.77,2,3.77,2,3.77,2,3.77,2,3.77,2,,,,,,
PE,3.78,2,3.78,2,3.78,2,3.78,2,3.78,2,3.78,2,3.78,2,,,,,,
PE,3.79,2,3.79,2,3.79,2,3.79,2,3.79,2,3.79,2,3.79,2,,,,,,
PE,3.8,2,3.8,2,3.8,2,3.8,2,3.8,2,3.8,2,3.8,2,,,,,,
PE,3.81,2,3.81,2,3.81,2,3.81,2,3.81,2,3.81,2,3.81,2,,,,,,
PE,3.82,2,3.82,2,3.82,2,3.82,2,3.82,2,3.82,2,3.82,2,,,,,,
PE,3.83,2,3.83,2,3.83,2,3.83,2,3.83,2,3.83,2,3.83,2,,,,,,
PE,3.84,2,3.84,2,3.84,2,3.84,2,3.84,2,3.84,2,3.84,2,,,,,,
PE,3.85,2,3.85,2,3.85,2,3.85,2,3.85,2,3.85,2,3.85,2,,,,,,
PE,3.86,2,3.86,2,3.86,2,3.86,2,3.86,2,3.86,2,3.86,2,,,,,,
PE,3.87,2,3.87,2,3.87,2,3.87,2,3.87,2,3.87,2,3.87,2,,,,,,
PE,3.88,2,3.88,2,3.88,2,3.88,2,3.88,2,3.88,2,3.88,2,,,,,,
PE,3.89,2,3.89,2,3.89,2,3.89,2,3.89,2,3.89,2,3.89,2,,,,,,
PE,3.9,2,3.9,2,3.9,2,3.9,2,3.9,2,3.9,2,3.9,2,,,,,,
PE,3.91,2,3.91,2,3.91,2,3.91,2,3.91,2,3.91,2,3.91,2,,,,,,
PE,3.92,2,3.92,2,3.92,2,3.92,2,3.92,2,3.92,2,3.92,2,,,,,,
PE,3.93,2,3.93,2,3.93,2,3.93,2,3.93,2,3.93,2,3.93,2,,,,,,
PE,3.94,2,3.94,2,3.94,2,3.94,2,3.94,2,3.94,2,3.94,2,,,,,,
PE,3.95,2,3.95,2,3.95,2,3.95,2,3.95,2,3.95,2,3.95,2,,,,,,
PE,3.96,2,3.96,2,3.96,2,3.96,2,3.96,2,3.96,2,3.96,2,,,,,,
PE,3.97,2,3.97,2,3.97,2,3.97,2,3.97,2,3.97,2,3.97,2,,,,,,
PE,3.98,2,3.98,2,3.98,2,3.98,2,3.98,2,3.98,2,3.98,2,,,,,,
PE,3.99,2,3.99,2,3.99,2,3.99,2,3.99,2,3.99,2,3.99,2,,,,,,
PE,4,2,4,2,4,2,4,2,4,2,4,2,4,2,,,,,,
PE,4.01,2,4.01,2,4.01,2,4.01,2,4.01,2,4.01,2,4.01,2,,,,,,
PE,4.02,2,4.02,2,4.02,2,4.02,2,4.02,2,4.02,2,4.02,2,,,,,,
PE,4.03,2,4.03,2,4.03,2,4.03,2,4.03,2,4.03,2,4.03,2,,,,,,
PE,4.04,2,4.04,2,4.04,2,4.04,2,4.04,2,4.04,2,4.04,2,,,,,,
PE,4.05,2,4.05,2,4.05,2,4.05,2,4.05,2,4.05,2,4.05,2,,,,,,
PE,4.06,2,4.06,2,4.06,2,4.06,2,4.06,2,4.06,2,4.06,2,,,,,,
PE,4.07,2,4.07,2,4.07,2,4.07,2,4.07,2,4.07,2,4.07,2,,,,,,
PE,4.08,2,4.08,2,4.08,2,4.08,2,4.08,2,4.08,2,4.08,2,,,,,,
PE,4.09,2,4.09,2,4.09,2,4.09,2,4.09,2,4.09,2,4.09,2,,,,,,
PE,4.1,2,4.1,2,4.1,2,4.1,2,4.1,2,4.1,2,4.1,2,,,,,,
PE,4.11,2,4.11,2,4.11,2,4.11,2,4.11,2,4.11,2,4.11,2,,,,,,
PE,4.12,2,4.12,2,4.12,2,4.12,2,4.12,2,4.12,2,4.12,2,,,,,,
PE,4.13,2,4.13,2,4.13,2,4.13,2,4.13,2,4.13,2,4.13,2,,,,,,
PE,4.14,2,4.14,2,4.14,2,4.14,2,4.14,2,4.14,2,4.14,2,,,,,,
PE,4.15,2,4.15,2,4.15,2,4.15,2,4.15,2,4.15,2,4.15,2,,,,,,
PE,4.16,2,4.16,2,4.16,2,4.16,2,4.16,2,4.16,2,4.16,2,,,,,,
PE,4.17,2,4.17,2,4.17,2,4.17,2,4.17,2,4.17,2,4.17,2,,,,,,
PE,4.18,2,4.18,2,4.18,2,4.18,2,4.18,2,4.18,2,4.18,2,,,,,,
PE,4.19,2,4.19,2,4.19,2,4.19,2,4.19,2,4.19,2,4.19,2,,,,,,
PE,4.2,2,4.2,2,4.2,2,4.2,2,4.2,2,4.2,2,4.2,2,,,,,,
PE,4.21,2,4.21,2,4.21,2,4.21,2,4.21,2,4.21,2,4.21,2,,,,,,
PE,4.22,2,4.22,2,4.22,2,4.22,2,4.22,2,4.22,2,4.22,2,,,,,,
PE,4.23,2,4.23,2,4.23,2,4.23,2,4.23,2,4.23,2,4.23,2,,,,,,
PE,4.24,2,4.24,2,4.24,2,4.24,2,4.24,2,4.24,2,4.24,2,,,,,,
PE,4.25,2,4.25,2,4.25,2,4.25,2,4.25,2,4.25,2,4.25,2,,,,,,
PE,4.26,2,4.26,2,4.26,2,4.26,2,4.26,2,4.26,2,4.26,2,,,,,,
PE,4.27,2,4.27,2,4.27,2,4.27,2,4.27,2,4.27,2,4.27,2,,,,,,
PE,4.28,2,4.28,2,4.28,2,4.28,2,4.28,2,4.28,2,4.28,2,,,,,,
PE,4.29,2,4.29,2,4.29,2,4.29,2,4.29,2,4.29,2,4.29,2,,,,,,
PE,4.3,2,4.3,2,4.3,2,4.3,2,4.3,2,4.3,2,4.3,2,,,,,,
PE,4.31,2,4.31,2,4.31,2,4.31,2,4.31,2,4.31,2,4.31,2,,,,,,
PE,4.32,2,4.32,2,4.32,2,4.32,2,4.32,2,4.32,2,4.32,2,,,,,,
PE,4.33,2,4.33,2,4.33,2,4.33,2,4.33,2,4.33,2,4.33,2,,,,,,
PE,4.34,2,4.34,2,4.34,2,4.34,2,4.34,2,4.34,2,4.34,2,,,,,,
PE,4.35,2,4.35,2,4.35,2,4.35,2,4.35,2,4.35,2,4.35,2,,,,,,
PE,4.36,2,4.36,2,4.36,2,4.36,2,4.36,2,4.36,2,4.36,2,,,,,,
PE,4.37,2,4.37,2,4.37,2,4.37,2,4.37,2,4.37,2,4.37,2,,,,,,
PE,4.38,2,4.38,2,4.38,2,4.38,2,4.38,2,4.38,2,4.38,2,,,,,,
PE,4.39,2,4.39,2,4.39,2,4.39,2,4.39,2,4.39,2,4.39,2,,,,,,
PE,4.4,2,4.4,2,4.4,2,4.4,2,4.4,2,4.4,2,4.4,2,,,,,,
PE,4.41,2,4.41,2,4.41,2,4.41,2,4.41,2,4.41,2,4.41,2,,,,,,
PE,4.42,2,4.42,2,4.42,2,4.42,2,4.42,2,4.42,2,4.42,2,,,,,,
PE,4.43,2,4.43,2,4.43,2,4.43,2,4.43,2,4.43,2,4.43,2,,,,,,
PE,4.44,2,4.44,2,4.44,2,4.44,2,4.44,2,4.44,2,4.44,2,,,,,,
PE,4.45,2,4.45,2,4.45,2,4.45,2,4.45,2,4.45,2,4.45,2,,,,,,
PE,4.46,2,4.46,2,4.46,2,4.46,2,4.46,2,4.46,2,4.46,2,,,,,,
PE,4.47,2,4.47,2,4.47,2,4.47,2,4.47,2,4.47,2,4.47,2,,,,,,
PE,4.48,2,4.48,2,4.48,2,4.48,2,4.48,2,4.48,2,4.48,2,,,,,,
PE,4.49,2,4.49,2,4.49,2,4.49,2,4.49,2,4.49,2,4.49,2,,,,,,
PE,4.5,2,4.5,2,4.5,2,4.5,2,4.5,2,4.5,2,4.5,2,,,,,,
PE,4.51,2,4.51,2,4.51,2,4.51,2,4.51,2,4.51,2,4.51,2,,,,,,
PE,4.52,2,4.52,2,4.52,2,4.52,2,4.52,2,4.52,2,4.52,2,,,,,,
PE,4.53,2,4.53,2,4.53,2,4.53,2,4.53,2,4.53,2,4.53,2,,,,,,
PE,4.54,2,4.54,2,4.54,2,4.54,2,4.54,2,4.54,2,4.54,2,,,,,,
PE,4.55,2,4.55,2,4.55,2,4.55,2,4.55,2,4.55,2,4.55,2,,,,,,
PE,4.56,2,4.56,2,4.56,2,4.56,2,4.56,2,4.56,2,4.56,2,,,,,,
PE,4.57,2,4.57,2,4.57,2,4.57,2,4.57,2,4.57,2,4.57,2,,,,,,
PE,4.58,2,4.58,2,4.58,2,4.58,2,4.58,2,4.58,2,4.58,2,,,,,,
PE,4.59,2,4.59,2,4.59,2,4.59,2,4.59,2,4.59,2,4.59,2,,,,,,
PE,4.6,2,4.6,2,4.6,2,4.6,2,4.6,2,4.6,2,4.6,2,,,,,,
PE,4.61,2,4.61,2,4.61,2,4.61,2,4.61,2,4.61,2,4.61,2,,,,,,
PE,4.62,2,4.62,2,4.62,2,4.62,2,4.62,2,4.62,2,4.62,2,,,,,,
PE,4.63,2,4.63,2,4.63,2,4.63,2,4.63,2,4.63,2,4.63,2,,,,,,
PE,4.64,2,4.64,2,4.64,2,4.64,2,4.64,2,4.64,2,4.64,2,,,,,,
PE,4.65,2,4.65,2,4.65,2,4.65,2,4.65,2,4.65,2,4.65,2,,,,,,
PE,4.66,2,4.66,2,4.66,2,4.66,2,4.66,2,4.66,2,4.66,2,,,,,,
PE,4.67,2,4.67,2,4.67,2,4.67,2,4.67,2,4.67,2,4.67,2,,,,,,
PE,4.68,2,4.68,2,4.68,2,4.68,2,4.68,2,4.68,2,4.68,2,,,,,,
PE,4.69,2,4.69,2,4.69,2,4.69,2,4.69,2,4.69,2,4.69,2,,,,,,
PE,4.7,2,4.7,2,4.7,2,4.7,2,4.7,2,4.7,2,4.7,2,,,,,,
PE,4.71,2,4.71,2,4.71,2,4.71,2,4.71,2,4.71,2,4.71,2,,,,,,
PE,4.72,2,4.72,2,4.72,2,4.72,2,4.72,2,4.72,2,4.72,2,,,,,,
PE,4.73,2,4.73,2,4.73,2,4.73,2,4.73,2,4.73,2,4.73,2,,,,,,
PE,4.74,2,4.74,2,4.74,2,4.74,2,4.74,2,4.74,2,4.74,2,,,,,,
PE,4.75,2,4.75,2,4.75,2,4.75,2,4.75,2,4.75,2,4.75,2,,,,,,
PE,4.76,2,4.76,2,4.76,2,4.76,2,4.76,2,4.76,2,4.76,2,,,,,,
PE,4.77,2,4.77,2,4.77,2,4.77,2,4.77,2,4.77,2,4.77,2,,,,,,
PE,4.78,2,4.78,2,4.78,2,4.78,2,4.78,2,4.78,2,4.78,2,,,,,,
PE,4.79,2,4.79,2,4.79,2,4.79,2,4.79,2,4.79,2,4.79,2,,,,,,
PE,4.8,2,4.8,2,4.8,2,4.8,2,4.8,2,4.8,2,4.8,2,,,,,,
PE,4.81,2,4.81,2,4.81,2,4.81,2,4.81,2,4.81,2,4.81,2,,,,,,
PE,4.82,2,4.82,2,4.82,2,4.82,2,4.82,2,4.82,2,4.82,2,,,,,,
PE,4.83,2,4.83,2,4.83,2,4.83,2,4.83,2,4.83,2,4.83,2,,,,,,
PE,4.84,2,4.84,2,4.84,2,4.84,2,4.84,2,4.84,2,4.84,2,,,,,,
PE,4.85,2,4.85,2,4.85,2,4.85,2,4.85,2,4.85,2,4.85,2,,,,,,
PE,4.86,2,4.86,2,4.86,2,4.86,2,4.86,2,4.86,2,4.86,2,,,,,,
PE,4.87,2,4.87,2,4.87,2,4.87,2,4.87,2,4.87,2,4.87,2,,,,,,
PE,4.88,2,4.88,2,4.88,2,4.88,2,4.88,2,4.88,2,4.88,2,,,,,,
PE,4.89,2,4.89,2,4.89,2,4.89,2,4.89,2,4.89,2,4.89,2,,,,,,
PE,4.9,2,4.9,2,4.9,2,4.9,2,4.9,2,4.9,2,4.9,2,,,,,,
PE,4.91,2,4.91,2,4.91,2,4.91,2,4.91,2,4.91,2,4.91,2,,,,,,
PE,4.92,2,4.92,2,4.92,2,4.92,2,4.92,2,4.92,2,4.92,2,,,,,,
PE,4.93,2,4.93,2,4.93,2,4.93,2,4.93,2,4.93,2,4.93,2,,,,,,
PE,4.94,2,4.94,2,4.94,2,4.94,2,4.94,2,4.94,2,4.94,2,,,,,,
PE,4.95,2,4.95,2,4.95,2,4.95,2,4.95,2,4.95,2,4.95,2,,,,,,
PE,4.96,2,4.96,2,4.96,2,4.96,2,4.96,2,4.96,2,4.96,2,,,,,,
PE,4.97,2,4.97,2,4.97,2,4.97,2,4.97,2,4.97,2,4.97,2,,,,,,
PE,4.98,2,4.98,2,4.98,2,4.98,2,4.98,2,4.98,2,4.98,2,,,,,,
PE,4.99,2,4.99,2,4.99,2,4.99,2,4.99,2,4.99,2,4.99,2,,,,,,
PE,5,2,5,2,5,2,5,2,5,2,5,2,5,2,,,,,,
PE,5.01,2,5.01,2,5.01,2,5.01,2,5.01,2,5.01,2,5.01,2,,,,,,
PE,5.02,2,5.02,2,5.02,2,5.02,2,5.02,2,5.02,2,5.02,2,,,,,,
PE,5.03,2,5.03,2,5.03,2,5.03,2,5.03,2,5.03,2,5.03,2,,,,,,
PE,5.04,2,5.04,2,5.04,2,5.04,2,5.04,2,5.04,2,5.04,2,,,,,,
PE,5.05,2,5.05,2,5.05,2,5.05,2,5.05,2,5.05,2,5.05,2,,,,,,
PE,5.06,2,5.06,2,5.06,2,5.06,2,5.06,2,5.06,2,5.06,2,,,,,,
PE,5.07,2,5.07,2,5.07,2,5.07,2,5.07,2,5.07,2,5.07,2,,,,,,
PE,5.08,2,5.08,2,5.08,2,5.08,2,5.08,2,5.08,2,5.08,2,,,,,,
PE,5.09,2,5.09,2,5.09,2,5.09,2,5.09,2,5.09,2,5.09,2,,,,,,
PE,5.1,2,5.1,2,5.1,2,5.1,2,5.1,2,5.1,2,5.1,2,,,,,,
PE,5.11,2,5.11,2,5.11,2,5.11,2,5.11,2,5.11,2,5.11,2,,,,,,
PE,5.12,2,5.12,2,5.12,2,5.12,2,5.12,2,5.12,2,5.12,2,,,,,,
PE,5.13,2,5.13,2,5.13,2,5.13,2,5.13,2,5.13,2,5.13,2,,,,,,
PE,5.14,2,5.14,2,5.14,2,5.14,2,5.14,2,5.14,2,5.14,2,,,,,,
PE,5.15,2,5.15,2,5.15,2,5.15,2,5.15,2,5.15,2,5.15,2,,,,,,
PE,5.16,2,5.16,2,5.16,2,5.16,2,5.16,2,5.16,2,5.16,2,,,,,,
PE,5.17,2,5.17,2,5.17,2,5.17,2,5.17,2,5.17,2,5.17,2,,,,,,
PE,5.18,2,5.18,2,5.18,2,5.18,2,5.18,2,5.18,2,5.18,2,,,,,,
PE,5.19,2,5.19,2,5.19,2,5.19,2,5.19,2,5.19,2,5.19,2,,,,,,
PE,5.2,2,5.2,2,5.2,2,5.2,2,5.2,2,5.2,2,5.2,2,,,,,,
PE,5.21,2,5.21,2,5.21,2,5.21,2,5.21,2,5.21,2,5.21,2,,,,,,
PE,5.22,2,5.22,2,5.22,2,5.22,2,5.22,2,5.22,2,5.22,2,,,,,,
PE,5.23,2,5.23,2,5.23,2,5.23,2,5.23,2,5.23,2,5.23,2,,,,,,
PE,5.24,2,5.24,2,5.24,2,5.24,2,5.24,2,5.24,2,5.24,2,,,,,,
PE,5.25,2,5.25,2,5.25,2,5.25,2,5.25,2,5.25,2,5.25,2,,,,,,
PE,5.26,2,5.26,2,5.26,2,5.26,2,5.26,2,5.26,2,5.26,2,,,,,,
PE,5.27,2,5.27,2,5.27,2,5.27,2,5.27,2,5.27,2,5.27,2,,,,,,
PE,5.28,2,5.28,2,5.28,2,5.28,2,5.28,2,5.28,2,5.28,2,,,,,,
PE,5.29,2,5.29,2,5.29,2,5.29,2,5.29,2,5.29,2,5.29,2,,,,,,
PE,5.3,2,5.3,2,5.3,2,5.3,2,5.3,2,5.3,2,5.3,2,,,,,,
PE,5.31,2,5.31,2,5.31,2,5.31,2,5.31,2,5.31,2,5.31,2,,,,,,
PE,5.32,2,5.32,2,5.32,2,5.32,2,5.32,2,5.32,2,5.32,2,,,,,,
PE,5.33,2,5.33,2,5.33,2,5.33,2,5.33,2,5.33,2,5.33,2,,,,,,
PE,5.34,2,5.34,2,5.34,2,5.34,2,5.34,2,5.34,2,5.34,2,,,,,,
PE,5.35,2,5.35,2,5.35,2,5.35,2,5.35,2,5.35,2,5.35,2,,,,,,
PE,5.36,2,5.36,2,5.36,2,5.36,2,5.36,2,5.36,2,5.36,2,,,,,,
PE,5.37,2,5.37,2,5.37,2,5.37,2,5.37,2,5.37,2,5.37,2,,,,,,
PE,5.38,2,5.38,2,5.38,2,5.38,2,5.38,2,5.38,2,5.38,2,,,,,,
PE,5.39,2,5.39,2,5.39,2,5.39,2,5.39,2,5.39,2,5.39,2,,,,,,
PE,5.4,2,5.4,2,5.4,2,5.4,2,5.4,2,5.4,2,5.4,2,,,,,,
PE,5.41,2,5.41,2,5.41,2,5.41,2,5.41,2,5.41,2,5.41,2,,,,,,
PE,5.42,2,5.42,2,5.42,2,5.42,2,5.42,2,5.42,2,5.42,2,,,,,,
PE,5.43,2,5.43,2,5.43,2,5.43,2,5.43,2,5.43,2,5.43,2,,,,,,
PE,5.44,2,5.44,2,5.44,2,5.44,2,5.44,2,5.44,2,5.44,2,,,,,,
PE,5.45,2,5.45,2,5.45,2,5.45,2,5.45,2,5.45,2,5.45,2,,,,,,
PE,5.46,2,5.46,2,5.46,2,5.46,2,5.46,2,5.46,2,5.46,2,,,,,,
PE,5.47,2,5.47,2,5.47,2,5.47,2,5.47,2,5.47,2,5.47,2,,,,,,
PE,5.48,2,5.48,2,5.48,2,5.48,2,5.48,2,5.48,2,5.48,2,,,,,,
PE,5.49,2,5.49,2,5.49,2,5.49,2,5.49,2,5.49,2,5.49,2,,,,,,
PE,5.5,2,5.5,2,5.5,2,5.5,2,5.5,2,5.5,2,5.5,2,,,,,,
PE,5.51,2,5.51,2,5.51,2,5.51,2,5.51,2,5.51,2,5.51,2,,,,,,
PE,5.52,2,5.52,2,5.52,2,5.52,2,5.52,2,5.52,2,5.52,2,,,,,,
PE,5.53,2,5.53,2,5.53,2,5.53,2,5.53,2,5.53,2,5.53,2,,,,,,
PE,5.54,2,5.54,2,5.54,2,5.54,2,5.54,2,5.54,2,5.54,2,,,,,,
PE,5.55,2,5.55,2,5.55,2,5.55,2,5.55,2,5.55,2,5.55,2,,,,,,
PE,5.56,2,5.56,2,5.56,2,5.56,2,5.56,2,5.56,2,5.56,2,,,,,,
PE,5.57,2,5.57,2,5.57,2,5.57,2,5.57,2,5.57,2,5.57,2,,,,,,
PE,5.58,2,5.58,2,5.58,2,5.58,2,5.58,2,5.58,2,5.58,2,,,,,,
PE,5.59,2,5.59,2,5.59,2,5.59,2,5.59,2,5.59,2,5.59,2,,,,,,
PE,5.6,2,5.6,2,5.6,2,5.6,2,5.6,2,5.6,2,5.6,2,,,,,,
PE,5.61,2,5.61,2,5.61,2,5.61,2,5.61,2,5.61,2,5.61,2,,,,,,
PE,5.62,2,5.62,2,5.62,2,5.62,2,5.62,2,5.62,2,5.62,2,,,,,,
PE,5.63,2,5.63,2,5.63,2,5.63,2,5.63,2,5.63,2,5.63,2,,,,,,
PE,5.64,2,5.64,2,5.64,2,5.64,2,5.64,2,5.64,2,5.64,2,,,,,,
PE,5.65,2,5.65,2,5.65,2,5.65,2,5.65,2,5.65,2,5.65,2,,,,,,
PE,5.66,2,5.66,2,5.66,2,5.66,2,5.66,2,5.66,2,5.66,2,,,,,,
PE,5.67,2,5.67,2,5.67,2,5.67,2,5.67,2,5.67,2,5.67,2,,,,,,
PE,5.68,2,5.68,2,5.68,2,5.68,2,5.68,2,5.68,2,5.68,2,,,,,,
PE,5.69,2,5.69,2,5.69,2,5.69,2,5.69,2,5.69,2,5.69,2,,,,,,
PE,5.7,2,5.7,2,5.7,2,5.7,2,5.7,2,5.7,2,5.7,2,,,,,,
PE,5.71,2,5.71,2,5.71,2,5.71,2,5.71,2,5.71,2,5.71,2,,,,,,
PE,5.72,2,5.72,2,5.72,2,5.72,2,5.72,2,5.72,2,5.72,2,,,,,,
PE,5.73,2,5.73,2,5.73,2,5.73,2,5.73,2,5.73,2,5.73,2,,,,,,
PE,5.74,2,5.74,2,5.74,2,5.74,2,5.74,2,5.74,2,5.74,2,,,,,,
PE,5.75,2,5.75,2,5.75,2,5.75,2,5.75,2,5.75,2,5.75,2,,,,,,
PE,5.76,2,5.76,2,5.76,2,5.76,2,5.76,2,5.76,2,5.76,2,,,,,,
PE,5.77,2,5.77,2,5.77,2,5.77,2,5.77,2,5.77,2,5.77,2,,,,,,
PE,5.78,2,5.78,2,5.78,2,5.78,2,5.78,2,5.78,2,5.78,2,,,,,,
PE,5.79,2,5.79,2,5.79,2,5.79,2,5.79,2,5.79,2,5.79,2,,,,,,
PE,5.8,2,5.8,2,5.8,2,5.8,2,5.8,2,5.8,2,5.8,2,,,,,,
PE,5.81,2,5.81,2,5.81,2,5.81,2,5.81,2,5.81,2,5.81,2,,,,,,
PE,5.82,2,5.82,2,5.82,2,5.82,2,5.82,2,5.82,2,5.82,2,,,,,,
PE,5.83,2,5.83,2,5.83,2,5.83,2,5.83,2,5.83,2,5.83,2,,,,,,
PE,5.84,2,5.84,2,5.84,2,5.84,2,5.84,2,5.84,2,5.84,2,,,,,,
PE,5.85,2,5.85,2,5.85,2,5.85,2,5.85,2,5.85,2,5.85,2,,,,,,
PE,5.86,2,5.86,2,5.86,2,5.86,2,5.86,2,5.86,2,5.86,2,,,,,,
PE,5.87,2,5.87,2,5.87,2,5.87,2,5.87,2,5.87,2,5.87,2,,,,,,
PE,5.88,2,5.88,2,5.88,2,5.88,2,5.88,2,5.88,2,5.88,2,,,,,,
PE,5.89,2,5.89,2,5.89,2,5.89,2,5.89,2,5.89,2,5.89,2,,,,,,
PE,5.9,2,5.9,2,5.9,2,5.9,2,5.9,2,5.9,2,5.9,2,,,,,,
PE,5.91,2,5.91,2,5.91,2,5.91,2,5.91,2,5.91,2,5.91,2,,,,,,
PE,5.92,2,5.92,2,5.92,2,5.92,2,5.92,2,5.92,2,5.92,2,,,,,,
PE,5.93,2,5.93,2,5.93,2,5.93,2,5.93,2,5.93,2,5.93,2,,,,,,
PE,5.94,2,5.94,2,5.94,2,5.94,2,5.94,2,5.94,2,5.94,2,,,,,,
PE,5.95,2,5.95,2,5.95,2,5.95,2,5.95,2,5.95,2,5.95,2,,,,,,
PE,5.96,2,5.96,2,5.96,2,5.96,2,5.96,2,5.96,2,5.96,2,,,,,,
PE,5.97,2,5.97,2,5.97,2,5.97,2,5.97,2,5.97,2,5.97,2,,,,,,
PE,5.98,2,5.98,2,5.98,2,5.98,2,5.98,2,5.98,2,5.98,2,,,,,,
PE,5.99,2,5.99,2,5.99,2,5.99,2,5.99,2,5.99,2,5.99,2,,,,,,
PE,6,2,6,2,6,2,6,2,6,2,6,2,6,2,,,,,,
PE,6.01,2,6.01,2,6.01,2,6.01,2,6.01,2,6.01,2,6.01,2,,,,,,
PE,6.02,2,6.02,2,6.02,2,6.02,2,6.02,2,6.02,2,6.02,2,,,,,,
PE,6.03,2,6.03,2,6.03,2,6.03,2,6.03,2,6.03,2,6.03,2,,,,,,
PE,6.04,2,6.04,2,6.04,2,6.04,2,6.04,2,6.04,2,6.04,2,,,,,,
PE,6.05,2,6.05,2,6.05,2,6.05,2,6.05,2,6.05,2,6.05,2,,,,,,
PE,6.06,2,6.06,2,6.06,2,6.06,2,6.06,2,6.06,2,6.06,2,,,,,,
PE,6.07,2,6.07,2,6.07,2,6.07,2,6.07,2,6.07,2,6.07,2,,,,,,
PE,6.08,2,6.08,2,6.08,2,6.08,2,6.08,2,6.08,2,6.08,2,,,,,,
PE,6.09,2,6.09,2,6.09,2,6.09,2,6.09,2,6.09,2,6.09,2,,,,,,
PE,6.1,2,6.1,2,6.1,2,6.1,2,6.1,2,6.1,2,6.1,2,,,,,,
PE,6.11,2,6.11,2,6.11,2,6.11,2,6.11,2,6.11,2,6.11,2,,,,,,
PE,6.12,2,6.12,2,6.12,2,6.12,2,6.12,2,6.12,2,6.12,2,,,,,,
PE,6.13,2,6.13,2,6.13,2,6.13,2,6.13,2,6.13,2,6.13,2,,,,,,
PE,6.14,2,6.14,2,6.14,2,6.14,2,6.14,2,6.14,2,6.14,2,,,,,,
PE,6.15,2,6.15,2,6.15,2,6.15,2,6.15,2,6.15,2,6.15,2,,,,,,
PE,6.16,2,6.16,2,6.16,2,6.16,2,6.16,2,6.16,2,6.16,2,,,,,,
PE,6.17,2,6.17,2,6.17,2,6.17,2,6.17,2,6.17,2,6.17,2,,,,,,
PE,6.18,2,6.18,2,6.18,2,6.18,2,6.18,2,6.18,2,6.18,2,,,,,,
PE,6.19,2,6.19,2,6.19,2,6.19,2,6.19,2,6.19,2,6.19,2,,,,,,
PE,6.2,2,6.2,2,6.2,2,6.2,2,6.2,2,6.2,2,6.2,2,,,,,,
PE,6.21,2,6.21,2,6.21,2,6.21,2,6.21,2,6.21,2,6.21,2,,,,,,
PE,6.22,2,6.22,2,6.22,2,6.22,2,6.22,2,6.22,2,6.22,2,,,,,,
PE,6.23,2,6.23,2,6.23,2,6.23,2,6.23,2,6.23,2,6.23,2,,,,,,
PE,6.24,2,6.24,2,6.24,2,6.24,2,6.24,2,6.24,2,6.24,2,,,,,,
PE,6.25,2,6.25,2,6.25,2,6.25,2,6.25,2,6.25,2,6.25,2,,,,,,
PE,6.26,2,6.26,2,6.26,2,6.26,2,6.26,2,6.26,2,6.26,2,,,,,,
PE,6.27,2,6.27,2,6.27,2,6.27,2,6.27,2,6.27,2,6.27,2,,,,,,
PE,6.28,2,6.28,2,6.28,2,6.28,2,6.28,2,6.28,2,6.28,2,,,,,,
PE,6.29,2,6.29,2,6.29,2,6.29,2,6.29,2,6.29,2,6.29,2,,,,,,
PE,6.3,2,6.3,2,6.3,2,6.3,2,6.3,2,6.3,2,6.3,2,,,,,,
PE,6.31,2,6.31,2,6.31,2,6.31,2,6.31,2,6.31,2,6.31,2,,,,,,
PE,6.32,2,6.32,2,6.32,2,6.32,2,6.32,2,6.32,2,6.32,2,,,,,,
PE,6.33,2,6.33,2,6.33,2,6.33,2,6.33,2,6.33,2,6.33,2,,,,,,
PE,6.34,2,6.34,2,6.34,2,6.34,2,6.34,2,6.34,2,6.34,2,,,,,,
PE,6.35,2,6.35,2,6.35,2,6.35,2,6.35,2,6.35,2,6.35,2,,,,,,
PE,6.36,2,6.36,2,6.36,2,6.36,2,6.36,2,6.36,2,6.36,2,,,,,,
PE,6.37,2,6.37,2,6.37,2,6.37,2,6.37,2,6.37,2,6.37,2,,,,,,
PE,6.38,2,6.38,2,6.38,2,6.38,2,6.38,2,6.38,2,6.38,2,,,,,,
PE,6.39,2,6.39,2,6.39,2,6.39,2,6.39,2,6.39,2,6.39,2,,,,,,
PE,6.4,2,6.4,2,6.4,2,6.4,2,6.4,2,6.4,2,6.4,2,,,,,,
PE,6.41,2,6.41,2,6.41,2,6.41,2,6.41,2,6.41,2,6.41,2,,,,,,
PE,6.42,2,6.42,2,6.42,2,6.42,2,6.42,2,6.42,2,6.42,2,,,,,,
PE,6.43,2,6.43,2,6.43,2,6.43,2,6.43,2,6.43,2,6.43,2,,,,,,
PE,6.44,2,6.44,2,6.44,2,6.44,2,6.44,2,6.44,2,6.44,2,,,,,,
PE,6.45,2,6.45,2,6.45,2,6.45,2,6.45,2,6.45,2,6.45,2,,,,,,
PE,6.46,2,6.46,2,6.46,2,6.46,2,6.46,2,6.46,2,6.46,2,,,,,,
PE,6.47,2,6.47,2,6.47,2,6.47,2,6.47,2,6.47,2,6.47,2,,,,,,
PE,6.48,2,6.48,2,6.48,2,6.48,2,6.48,2,6.48,2,6.48,2,,,,,,
PE,6.49,2,6.49,2,6.49,2,6.49,2,6.49,2,6.49,2,6.49,2,,,,,,
PE,6.5,2,6.5,2,6.5,2,6.5,2,6.5,2,6.5,2,6.5,2,,,,,,
PE,6.51,2,6.51,2,6.51,2,6.51,2,6.51,2,6.51,2,6.51,2,,,,,,
PE,6.52,2,6.52,2,6.52,2,6.52,2,6.52,2,6.52,2,6.52,2,,,,,,
PE,6.53,2,6.53,2,6.53,2,6.53,2,6.53,2,6.53,2,6.53,2,,,,,,
PE,6.54,2,6.54,2,6.54,2,6.54,2,6.54,2,6.54,2,6.54,2,,,,,,
PE,6.55,2,6.55,2,6.55,2,6.55,2,6.55,2,6.55,2,6.55,2,,,,,,
PE,6.56,2,6.56,2,6.56,2,6.56,2,6.56,2,6.56,2,6.56,2,,,,,,
PE,6.57,2,6.57,2,6.57,2,6.57,2,6.57,2,6.57,2,6.57,2,,,,,,
PE,6.58,2,6.58,2,6.58,2,6.58,2,6.58,2,6.58,2,6.58,2,,,,,,
PE,6.59,2,6.59,2,6.59,2,6.59,2,6.59,2,6.59,2,6.59,2,,,,,,
PE,6.6,2,6.6,2,6.6,2,6.6,2,6.6,2,6.6,2,6.6,2,,,,,,
PE,6.61,2,6.61,2,6.61,2,6.61,2,6.61,2,6.61,2,6.61,2,,,,,,
PE,6.62,2,6.62,2,6.62,2,6.62,2,6.62,2,6.62,2,6.62,2,,,,,,
PE,6.63,2,6.63,2,6.63,2,6.63,2,6.63,2,6.63,2,6.63,2,,,,,,
PE,6.64,2,6.64,2,6.64,2,6.64,2,6.64,2,6.64,2,6.64,2,,,,,,
PE,6.65,2,6.65,2,6.65,2,6.65,2,6.65,2,6.65,2,6.65,2,,,,,,
PE,6.66,2,6.66,2,6.66,2,6.66,2,6.66,2,6.66,2,6.66,2,,,,,,
PE,6.67,2,6.67,2,6.67,2,6.67,2,6.67,2,6.67,2,6.67,2,,,,,,
PE,6.68,2,6.68,2,6.68,2,6.68,2,6.68,2,6.68,2,6.68,2,,,,,,
PE,6.69,2,6.69,2,6.69,2,6.69,2,6.69,2,6.69,2,6.69,2,,,,,,
PE,6.7,2,6.7,2,6.7,2,6.7,2,6.7,2,6.7,2,6.7,2,,,,,,
PE,6.71,2,6.71,2,6.71,2,6.71,2,6.71,2,6.71,2,6.71,2,,,,,,
PE,6.72,2,6.72,2,6.72,2,6.72,2,6.72,2,6.72,2,6.72,2,,,,,,
PE,6.73,2,6.73,2,6.73,2,6.73,2,6.73,2,6.73,2,6.73,2,,,,,,
PE,6.74,2,6.74,2,6.74,2,6.74,2,6.74,2,6.74,2,6.74,2,,,,,,
PE,6.75,2,6.75,2,6.75,2,6.75,2,6.75,2,6.75,2,6.75,2,,,,,,
PE,6.76,2,6.76,2,6.76,2,6.76,2,6.76,2,6.76,2,6.76,2,,,,,,
PE,6.77,2,6.77,2,6.77,2,6.77,2,6.77,2,6.77,2,6.77,2,,,,,,
PE,6.78,2,6.78,2,6.78,2,6.78,2,6.78,2,6.78,2,6.78,2,,,,,,
PE,6.79,2,6.79,2,6.79,2,6.79,2,6.79,2,6.79,2,6.79,2,,,,,,
PE,6.8,2,6.8,2,6.8,2,6.8,2,6.8,2,6.8,2,6.8,2,,,,,,
PE,6.81,2,6.81,2,6.81,2,6.81,2,6.81,2,6.81,2,6.81,2,,,,,,
PE,6.82,2,6.82,2,6.82,2,6.82,2,6.82,2,6.82,2,6.82,2,,,,,,
PE,6.83,2,6.83,2,6.83,2,6.83,2,6.83,2,6.83,2,6.83,2,,,,,,
PE,6.84,2,6.84,2,6.84,2,6.84,2,6.84,2,6.84,2,6.84,2,,,,,,
PE,6.85,2,6.85,2,6.85,2,6.85,2,6.85,2,6.85,2,6.85,2,,,,,,
PE,6.86,2,6.86,2,6.86,2,6.86,2,6.86,2,6.86,2,6.86,2,,,,,,
PE,6.87,2,6.87,2,6.87,2,6.87,2,6.87,2,6.87,2,6.87,2,,,,,,
PE,6.88,2,6.88,2,6.88,2,6.88,2,6.88,2,6.88,2,6.88,2,,,,,,
PE,6.89,2,6.89,2,6.89,2,6.89,2,6.89,2,6.89,2,6.89,2,,,,,,
PE,6.9,2,6.9,2,6.9,2,6.9,2,6.9,2,6.9,2,6.9,2,,,,,,
PE,6.91,2,6.91,2,6.91,2,6.91,2,6.91,2,6.91,2,6.91,2,,,,,,
PE,6.92,2,6.92,2,6.92,2,6.92,2,6.92,2,6.92,2,6.92,2,,,,,,
PE,6.93,2,6.93,2,6.93,2,6.93,2,6.93,2,6.93,2,6.93,2,,,,,,
PE,6.94,2,6.94,2,6.94,2,6.94,2,6.94,2,6.94,2,6.94,2,,,,,,
PE,6.95,2,6.95,2,6.95,2,6.95,2,6.95,2,6.95,2,6.95,2,,,,,,
PE,6.96,2,6.96,2,6.96,2,6.96,2,6.96,2,6.96,2,6.96,2,,,,,,
PE,6.97,2,6.97,2,6.97,2,6.97,2,6.97,2,6.97,2,6.97,2,,,,,,
PE,6.98,2,6.98,2,6.98,2,6.98,2,6.98,2,6.98,2,6.98,2,,,,,,
PE,6.99,2,6.99,2,6.99,2,6.99,2,6.99,2,6.99,2,6.99,2,,,,,,
PE,7,2,7,2,7,2,7,2,7,2,7,2,7,2,,,,,,
PE,7.01,2,7.01,2,7.01,2,7.01,2,7.01,2,7.01,2,7.01,2,,,,,,
PE,7.02,2,7.02,2,7.02,2,7.02,2,7.02,2,7.02,2,7.02,2,,,,,,
PE,7.03,2,7.03,2,7.03,2,7.03,2,7.03,2,7.03,2,7.03,2,,,,,,
PE,7.04,2,7.04,2,7.04,2,7.04,2,7.04,2,7.04,2,7.04,2,,,,,,
PE,7.05,2,7.05,2,7.05,2,7.05,2,7.05,2,7.05,2,7.05,2,,,,,,
PE,7.06,2,7.06,2,7.06,2,7.06,2,7.06,2,7.06,2,7.06,2,,,,,,
PE,7.07,2,7.07,2,7.07,2,7.07,2,7.07,2,7.07,2,7.07,2,,,,,,
PE,7.08,2,7.08,2,7.08,2,7.08,2,7.08,2,7.08,2,7.08,2,,,,,,
PE,7.09,2,7.09,2,7.09,2,7.09,2,7.09,2,7.09,2,7.09,2,,,,,,
PE,7.1,2,7.1,2,7.1,2,7.1,2,7.1,2,7.1,2,7.1,2,,,,,,
PE,7.11,2,7.11,2,7.11,2,7.11,2,7.11,2,7.11,2,7.11,2,,,,,,
PE,7.12,2,7.12,2,7.12,2,7.12,2,7.12,2,7.12,2,7.12,2,,,,,,
PE,7.13,2,7.13,2,7.13,2,7.13,2,7.13,2,7.13,2,7.13,2,,,,,,
PE,7.14,2,7.14,2,7.14,2,7.14,2,7.14,2,7.14,2,7.14,2,,,,,,
PE,7.15,2,7.15,2,7.15,2,7.15,2,7.15,2,7.15,2,7.15,2,,,,,,
PE,7.16,2,7.16,2,7.16,2,7.16,2,7.16,2,7.16,2,7.16,2,,,,,,
PE,7.17,2,7.17,2,7.17,2,7.17,2,7.17,2,7.17,2,7.17,2,,,,,,
PE,7.18,2,7.18,2,7.18,2,7.18,2,7.18,2,7.18,2,7.18,2,,,,,,
PE,7.19,2,7.19,2,7.19,2,7.19,2,7.19,2,7.19,2,7.19,2,,,,,,
PE,7.2,2,7.2,2,7.2,2,7.2,2,7.2,2,7.2,2,7.2,2,,,,,,
PE,7.21,2,7.21,2,7.21,2,7.21,2,7.21,2,7.21,2,7.21,2,,,,,,
PE,7.22,2,7.22,2,7.22,2,7.22,2,7.22,2,7.22,2,7.22,2,,,,,,
PE,7.23,2,7.23,2,7.23,2,7.23,2,7.23,2,7.23,2,7.23,2,,,,,,
PE,7.24,2,7.24,2,7.24,2,7.24,2,7.24,2,7.24,2,7.24,2,,,,,,
PE,7.25,2,7.25,2,7.25,2,7.25,2,7.25,2,7.25,2,7.25,2,,,,,,
PE,7.26,2,7.26,2,7.26,2,7.26,2,7.26,2,7.26,2,7.26,2,,,,,,
PE,7.27,2,7.27,2,7.27,2,7.27,2,7.27,2,7.27,2,7.27,2,,,,,,
PE,7.28,2,7.28,2,7.28,2,7.28,2,7.28,2,7.28,2,7.28,2,,,,,,
PE,7.29,2,7.29,2,7.29,2,7.29,2,7.29,2,7.29,2,7.29,2,,,,,,
PE,7.3,2,7.3,2,7.3,2,7.3,2,7.3,2,7.3,2,7.3,2,,,,,,
PE,7.31,2,7.31,2,7.31,2,7.31,2,7.31,2,7.31,2,7.31,2,,,,,,
PE,7.32,2,7.32,2,7.32,2,7.32,2,7.32,2,7.32,2,7.32,2,,,,,,
PE,7.33,2,7.33,2,7.33,2,7.33,2,7.33,2,7.33,2,7.33,2,,,,,,
PE,7.34,2,7.34,2,7.34,2,7.34,2,7.34,2,7.34,2,7.34,2,,,,,,
PE,7.35,2,7.35,2,7.35,2,7.35,2,7.35,2,7.35,2,7.35,2,,,,,,
PE,7.36,2,7.36,2,7.36,2,7.36,2,7.36,2,7.36,2,7.36,2,,,,,,
PE,7.37,2,7.37,2,7.37,2,7.37,2,7.37,2,7.37,2,7.37,2,,,,,,
PE,7.38,2,7.38,2,7.38,2,7.38,2,7.38,2,7.38,2,7.38,2,,,,,,
PE,7.39,2,7.39,2,7.39,2,7.39,2,7.39,2,7.39,2,7.39,2,,,,,,
PE,7.4,2,7.4,2,7.4,2,7.4,2,7.4,2,7.4,2,7.4,2,,,,,,
PE,7.41,2,7.41,2,7.41,2,7.41,2,7.41,2,7.41,2,7.41,2,,,,,,
PE,7.42,2,7.42,2,7.42,2,7.42,2,7.42,2,7.42,2,7.42,2,,,,,,
PE,7.43,2,7.43,2,7.43,2,7.43,2,7.43,2,7.43,2,7.43,2,,,,,,
PE,7.44,2,7.44,2,7.44,2,7.44,2,7.44,2,7.44,2,7.44,2,,,,,,
PE,7.45,2,7.45,2,7.45,2,7.45,2,7.45,2,7.45,2,7.45,2,,,,,,
PE,7.46,2,7.46,2,7.46,2,7.46,2,7.46,2,7.46,2,7.46,2,,,,,,
PE,7.47,2,7.47,2,7.47,2,7.47,2,7.47,2,7.47,2,7.47,2,,,,,,
PE,7.48,2,7.48,2,7.48,2,7.48,2,7.48,2,7.48,2,7.48,2,,,,,,
PE,7.49,2,7.49,2,7.49,2,7.49,2,7.49,2,7.49,2,7.49,2,,,,,,
PE,7.5,2,7.5,2,7.5,2,7.5,2,7.5,2,7.5,2,7.5,2,,,,,,
PE,7.51,2,7.51,2,7.51,2,7.51,2,7.51,2,7.51,2,7.51,2,,,,,,
PE,7.52,2,7.52,2,7.52,2,7.52,2,7.52,2,7.52,2,7.52,2,,,,,,
PE,7.53,2,7.53,2,7.53,2,7.53,2,7.53,2,7.53,2,7.53,2,,,,,,
PE,7.54,2,7.54,2,7.54,2,7.54,2,7.54,2,7.54,2,7.54,2,,,,,,
PE,7.55,2,7.55,2,7.55,2,7.55,2,7.55,2,7.55,2,7.55,2,,,,,,
PE,7.56,2,7.56,2,7.56,2,7.56,2,7.56,2,7.56,2,7.56,2,,,,,,
PE,7.57,2,7.57,2,7.57,2,7.57,2,7.57,2,7.57,2,7.57,2,,,,,,
PE,7.58,2,7.58,2,7.58,2,7.58,2,7.58,2,7.58,2,7.58,2,,,,,,
PE,7.59,2,7.59,2,7.59,2,7.59,2,7.59,2,7.59,2,7.59,2,,,,,,
PE,7.6,2,7.6,2,7.6,2,7.6,2,7.6,2,7.6,2,7.6,2,,,,,,
PE,7.61,2,7.61,2,7.61,2,7.61,2,7.61,2,7.61,2,7.61,2,,,,,,
PE,7.62,2,7.62,2,7.62,2,7.62,2,7.62,2,7.62,2,7.62,2,,,,,,
PE,7.63,2,7.63,2,7.63,2,7.63,2,7.63,2,7.63,2,7.63,2,,,,,,
PE,7.64,2,7.64,2,7.64,2,7.64,2,7.64,2,7.64,2,7.64,2,,,,,,
PE,7.65,2,7.65,2,7.65,2,7.65,2,7.65,2,7.65,2,7.65,2,,,,,,
PE,7.66,2,7.66,2,7.66,2,7.66,2,7.66,2,7.66,2,7.66,2,,,,,,
PE,7.67,2,7.67,2,7.67,2,7.67,2,7.67,2,7.67,2,7.67,2,,,,,,
PE,7.68,2,7.68,2,7.68,2,7.68,2,7.68,2,7.68,2,7.68,2,,,,,,
PE,7.69,2,7.69,2,7.69,2,7.69,2,7.69,2,7.69,2,7.69,2,,,,,,
PE,7.7,2,7.7,2,7.7,2,7.7,2,7.7,2,7.7,2,7.7,2,,,,,,
PE,7.71,2,7.71,2,7.71,2,7.71,2,7.71,2,7.71,2,7.71,2,,,,,,
PE,7.72,2,7.72,2,7.72,2,7.72,2,7.72,2,7.72,2,7.72,2,,,,,,
PE,7.73,2,7.73,2,7.73,2,7.73,2,7.73,2,7.73,2,7.73,2,,,,,,
PE,7.74,2,7.74,2,7.74,2,7.74,2,7.74,2,7.74,2,7.74,2,,,,,,
PE,7.75,2,7.75,2,7.75,2,7.75,2,7.75,2,7.75,2,7.75,2,,,,,,
PE,7.76,2,7.76,2,7.76,2,7.76,2,7.76,2,7.76,2,7.76,2,,,,,,
PE,7.77,2,7.77,2,7.77,2,7.77,2,7.77,2,7.77,2,7.77,2,,,,,,
PE,7.78,2,7.78,2,7.78,2,7.78,2,7.78,2,7.78,2,7.78,2,,,,,,
PE,7.79,2,7.79,2,7.79,2,7.79,2,7.79,2,7.79,2,7.79,2,,,,,,
PE,7.8,2,7.8,2,7.8,2,7.8,2,7.8,2,7.8,2,7.8,2,,,,,,
PE,7.81,2,7.81,2,7.81,2,7.81,2,7.81,2,7.81,2,7.81,2,,,,,,
PE,7.82,2,7.82,2,7.82,2,7.82,2,7.82,2,7.82,2,7.82,2,,,,,,
PE,7.83,2,7.83,2,7.83,2,7.83,2,7.83,2,7.83,2,7.83,2,,,,,,
PE,7.84,2,7.84,2,7.84,2,7.84,2,7.84,2,7.84,2,7.84,2,,,,,,
PE,7.85,2,7.85,2,7.85,2,7.85,2,7.85,2,7.85,2,7.85,2,,,,,,
PE,7.86,2,7.86,2,7.86,2,7.86,2,7.86,2,7.86,2,7.86,2,,,,,,
PE,7.87,2,7.87,2,7.87,2,7.87,2,7.87,2,7.87,2,7.87,2,,,,,,
PE,7.88,2,7.88,2,7.88,2,7.88,2,7.88,2,7.88,2,7.88,2,,,,,,
PE,7.89,2,7.89,2,7.89,2,7.89,2,7.89,2,7.89,2,7.89,2,,,,,,
PE,7.9,2,7.9,2,7.9,2,7.9,2,7.9,2,7.9,2,7.9,2,,,,,,
PE,7.91,2,7.91,2,7.91,2,7.91,2,7.91,2,7.91,2,7.91,2,,,,,,
PE,7.92,2,7.92,2,7.92,2,7.92,2,7.92,2,7.92,2,7.92,2,,,,,,
PE,7.93,2,7.93,2,7.93,2,7.93,2,7.93,2,7.93,2,7.93,2,,,,,,
PE,7.94,2,7.94,2,7.94,2,7.94,2,7.94,2,7.94,2,7.94,2,,,,,,
PE,7.95,2,7.95,2,7.95,2,7.95,2,7.95,2,7.95,2,7.95,2,,,,,,
PE,7.96,2,7.96,2,7.96,2,7.96,2,7.96,2,7.96,2,7.96,2,,,,,,
PE,7.97,2,7.97,2,7.97,2,7.97,2,7.97,2,7.97,2,7.97,2,,,,,,
PE,7.98,2,7.98,2,7.98,2,7.98,2,7.98,2,7.98,2,7.98,2,,,,,,
PE,7.99,2,7.99,2,7.99,2,7.99,2,7.99,2,7.99,2,7.99,2,,,,,,
PE,8,2,8,2,8,2,8,2,8,2,8,2,8,2,,,,,,
PE,8.01,2,8.01,2,8.01,2,8.01,2,8.01,2,8.01,2,8.01,2,,,,,,
PE,8.02,2,8.02,2,8.02,2,8.02,2,8.02,2,8.02,2,8.02,2,,,,,,
PE,8.03,2,8.03,2,8.03,2,8.03,2,8.03,2,8.03,2,8.03,2,,,,,,
PE,8.04,2,8.04,2,8.04,2,8.04,2,8.04,2,8.04,2,8.04,2,,,,,,
PE,8.05,2,8.05,2,8.05,2,8.05,2,8.05,2,8.05,2,8.05,2,,,,,,
PE,8.06,2,8.06,2,8.06,2,8.06,2,8.06,2,8.06,2,8.06,2,,,,,,
PE,8.07,2,8.07,2,8.07,2,8.07,2,8.07,2,8.07,2,8.07,2,,,,,,
PE,8.08,2,8.08,2,8.08,2,8.08,2,8.08,2,8.08,2,8.08,2,,,,,,
PE,8.09,2,8.09,2,8.09,2,8.09,2,8.09,2,8.09,2,8.09,2,,,,,,
PE,8.1,2,8.1,2,8.1,2,8.1,2,8.1,2,8.1,2,8.1,2,,,,,,
PE,8.11,2,8.11,2,8.11,2,8.11,2,8.11,2,8.11,2,8.11,2,,,,,,
PE,8.12,2,8.12,2,8.12,2,8.12,2,8.12,2,8.12,2,8.12,2,,,,,,
